transaction_id,customer_id,age,location,transaction_type,amount,status,failed_attempts,account_age_days,date,is_high_value,is_new_account,multiple_failures,weekday,risk_score,risk_level
TX001,C001,34,Abuja,Data,5000.0,successful,0,900,2026-08-01,0,0,0,Saturday,0,Low
TX002,C002,29,Lagos,Airtime,2000.0,failed,2,400,2026-08-01,0,0,0,Saturday,0,Low
TX003,C001,34,Abuja,Electricity,15000.0,successful,0,900,2026-08-02,0,0,0,Sunday,0,Low
TX004,C003,42,Kano,Fund Transfer,100000.0,successful,1,1200,2026-08-02,0,0,0,Sunday,0,Low
TX005,C002,29,Lagos,Data,45000.0,failed,3,400,2026-08-03,0,0,1,Monday,1,Medium
TX006,C004,31,Abuja,Fund Transfer,250000.0,successful,0,100,2026-08-03,1,0,0,Monday,1,Medium
TX007,C001,34,Abuja,Airtime,3000.0,successful,0,900,2026-08-04,0,0,0,Tuesday,0,Low
TX008,C005,27,Gombe,Electricity,45000.0,pending,0,700,2026-08-04,0,0,0,Tuesday,0,Low
TX009,C003,42,Kano,Fund Transfer,100000.0,successful,1,1200,2026-08-02,0,0,0,Sunday,0,Low
